{"cameraMode":{"drawMode":0,"name":"Shaded","section":"Shading Mode"},"sceneLighting":false,"audioPlay":false,"sceneViewState":{"showFog":true,"showMaterialUpdate":false,"showSkybox":true,"showFlares":true,"showImageEffects":true,"showParticleSystems":true},"in2DMode":false,"pivot":{"x":-4.190798759460449,"y":2.369149684906006,"z":4.8128342628479},"rotation":{"x":-0.07732538878917694,"y":0.442213773727417,"z":-0.03830142319202423,"w":-0.8927556872367859},"size":5.272613048553467,"orthographic":false}