{"cameraMode":{"drawMode":0,"name":"Shaded","section":"Shading Mode"},"sceneLighting":false,"audioPlay":false,"sceneViewState":{"showFog":true,"showMaterialUpdate":false,"showSkybox":true,"showFlares":true,"showImageEffects":true,"showParticleSystems":true},"in2DMode":false,"pivot":{"x":-11.74561882019043,"y":-1.864008903503418,"z":4.598335266113281},"rotation":{"x":0.3843483030796051,"y":-0.5314152836799622,"z":0.29370200634002688,"w":0.6954265832901001},"size":7.979834079742432,"orthographic":false}