{"cameraMode":{"drawMode":0,"name":"Shaded","section":"Shading Mode"},"sceneLighting":false,"audioPlay":false,"sceneViewState":{"showFog":true,"showMaterialUpdate":false,"showSkybox":true,"showFlares":true,"showImageEffects":true,"showParticleSystems":true},"in2DMode":false,"pivot":{"x":-3.036996841430664,"y":2.7592482566833498,"z":-0.09516787528991699},"rotation":{"x":0.3352295756340027,"y":0.44152843952178957,"z":-0.18226709961891175,"w":0.8120684027671814},"size":2.7039315700531008,"orthographic":false}