{"cameraMode":{"drawMode":0,"name":"Shaded","section":"Shading Mode"},"sceneLighting":false,"audioPlay":false,"sceneViewState":{"showFog":true,"showMaterialUpdate":false,"showSkybox":true,"showFlares":true,"showImageEffects":true,"showParticleSystems":true},"in2DMode":false,"pivot":{"x":0.23999999463558198,"y":6.050000190734863,"z":-11.15999984741211},"rotation":{"x":0.09960318356752396,"y":-0.12818126380443574,"z":0.012999359518289566,"w":0.986651599407196},"size":6.918739318847656,"orthographic":false}