{"cameraMode":{"drawMode":0,"name":"Shaded","section":"Shading Mode"},"sceneLighting":false,"audioPlay":false,"sceneViewState":{"showFog":true,"showMaterialUpdate":false,"showSkybox":true,"showFlares":true,"showImageEffects":true,"showParticleSystems":true},"in2DMode":false,"pivot":{"x":745.7164916992188,"y":374.9401550292969,"z":0.65753173828125},"rotation":{"x":0.03299470990896225,"y":-0.0014980352716520429,"z":0.00005194510958972387,"w":0.9994630217552185},"size":273.4825439453125,"orthographic":false}