{"cameraMode":{"drawMode":0,"name":"Shaded","section":"Shading Mode"},"sceneLighting":false,"audioPlay":false,"sceneViewState":{"showFog":true,"showMaterialUpdate":false,"showSkybox":true,"showFlares":true,"showImageEffects":true,"showParticleSystems":true},"in2DMode":false,"pivot":{"x":1.8448050022125245,"y":0.9525396823883057,"z":2.0327184200286867},"rotation":{"x":0.16129356622695924,"y":0.13279792666435243,"z":-0.02190542407333851,"w":0.9776939749717712},"size":2.1209733486175539,"orthographic":false}