{"cameraMode":{"drawMode":0,"name":"Shaded","section":"Shading Mode"},"sceneLighting":false,"audioPlay":false,"sceneViewState":{"showFog":true,"showMaterialUpdate":false,"showSkybox":true,"showFlares":true,"showImageEffects":true,"showParticleSystems":true},"in2DMode":false,"pivot":{"x":3.409799098968506,"y":-4.714393615722656,"z":4.965872287750244},"rotation":{"x":0.33709195256233218,"y":0.34849122166633608,"z":-0.13597068190574647,"w":0.8639736175537109},"size":10.82034683227539,"orthographic":false}