{"cameraMode":{"drawMode":0,"name":"Shaded","section":"Shading Mode"},"sceneLighting":false,"audioPlay":false,"sceneViewState":{"showFog":true,"showMaterialUpdate":false,"showSkybox":true,"showFlares":true,"showImageEffects":true,"showParticleSystems":true},"in2DMode":false,"pivot":{"x":1.1288337707519532,"y":-0.336639404296875,"z":6.913425445556641},"rotation":{"x":0.0779162049293518,"y":0.011067788116633892,"z":-0.000865223933942616,"w":0.9969021081924439},"size":8.47139835357666,"orthographic":false}